"Timestamp","ช่วงอายุของท่าน","เพศของท่าน","วิธีการในการจอง/ซื้อ ตั๋วภาพยนต์","ท่านใช้คะแนนสะสมจากระบบสมาชิกของโรงภาพยนต์บ่อยแค่ไหน","ท่านทราบถึงโปรโมชั่นหรือส่วนลดได้จากทางได้บ้าง","ระยะเวลาที่่ท่านจองตั๋วภาพยนต์ล่วงหน้า","หากท่านพบอุปสรรคการจองตั๋วภาพยนตร์ ได้โปรดบอกเรา","ท่านอยากให้มี Feature ใดเพิ่มเติมมาจาก App จองตั๋วหนังที่ท่านใช้ในชีวิตประจำวัน"
"2018/01/21 12:31:00 pm GMT","16-20","หญิง","ซื้อตั๋ว ณ เคาเตอร์จำหน่ายตั๋วที่มีพนักงงานประจำ","ใช้เมื่อถึงเป้าที่กำหนดไว้","Application ของ Smartphone ที่ท่านเคยใช้","ภายในวันที่จอง","-","-"
"2018/01/21 12:31:20 pm GMT","16-20","ชาย","ซื้อตั๋ว ณ เคาเตอร์จำหน่ายตั๋วที่มีพนักงงานประจำ","ไม่ได้ใส่ใจกับแต้มสะสม","หน้าโรงภาพยนต์","ภายในวันที่จอง","",""
"2018/01/21 12:32:03 pm GMT","16-20","ชาย","ซื้อตั๋ว ณ ตู้จำหน่ายตั๋ว","ใช้เมื่อถึงเป้าที่กำหนดไว้","หน้าโรงภาพยนต์","ภายในวันที่จอง","",""
"2018/01/21 12:32:08 pm GMT","16-20","LGBT","ซื้อผ่าน application ในโทรศัพท์ smart phone","ใช้เมื่อถึงเป้าที่กำหนดไว้","หน้าโรงภาพยนต์;Application ของ Smartphone ที่ท่านเคยใช้","ภายในวันที่จอง","",""
"2018/01/21 12:32:34 pm GMT","16-20","ชาย","ซื้อตั๋ว ณ เคาเตอร์จำหน่ายตั๋วที่มีพนักงงานประจำ","ไม่ได้ใส่ใจกับแต้มสะสม","หน้าโรงภาพยนต์;Application ของ Smartphone ที่ท่านเคยใช้","ภายในวันที่จอง","จองยาก","สั่งอาหารได้"
"2018/01/21 12:32:40 pm GMT","21-25","หญิง","ซื้อตั๋ว ณ ตู้จำหน่ายตั๋ว","ไม่ได้ใส่ใจกับแต้มสะสม","หน้าโรงภาพยนต์;Application ของ Smartphone ที่ท่านเคยใช้;ตามร้านค้าที่ร่วมรายการ","ภายในวันที่จอง","",""
"2018/01/21 12:34:24 pm GMT","16-20","ชาย","ฝากเพื่อนซื้อเพราะเบื่อระบบครับ","ไม่ได้ใส่ใจกับแต้มสะสม","ไม่สนใจ","ไม่มีความแน่นอน","รอบฉายไม่มีกำหนดไว้ล่วงหน้าทำให้วางแผนชีวิตยากมาก","Security ที่ดีกว่านี้"
"2018/01/21 12:35:05 pm GMT","16-20","ชาย","ซื้อตั๋ว ณ ตู้จำหน่ายตั๋ว","ใช้เมื่อนึกขึ้นได้เท่านั้น","Application ของ Smartphone ที่ท่านเคยใช้","ภายในวันที่จอง","บางครั้งวันที่ระบุไม่ชัดเจน เลยซื้อผิดวันผอดรอบไปบ้าง บางครั้งก็เช็ครอบล่วงหน้าไม่ได้",""
"2018/01/21 12:35:23 pm GMT","16-20","ชาย","ซื้อตั๋ว ณ ตู้จำหน่ายตั๋ว","ใช้เมื่อนึกขึ้นได้เท่านั้น","หน้าโรงภาพยนต์;โฆษณาทางโทรทัศน์;Application ของ Smartphone ที่ท่านเคยใช้;สื่อออนไลส","สื่อออนไลน์ facebook","ตัวสแกน QR code เพื่อรับสิทธิต่างไป กากมาก","สั่งยิงหัวรบจากในapp ได้"
"2018/01/21 12:35:33 pm GMT","16-20","ชาย","ซื้อตั๋ว ณ เคาเตอร์จำหน่ายตั๋วที่มีพนักงงานประจำ","ใช้เมื่อนึกขึ้นได้เท่านั้น","หน้าโรงภาพยนต์","ภายในวันที่จอง","",""
"2018/01/21 12:35:54 pm GMT","16-20","หญิง","ซื้อตั๋ว ณ เคาเตอร์จำหน่ายตั๋วที่มีพนักงงานประจำ","ไม่ได้ใส่ใจกับแต้มสะสม","Application ของ Smartphone ที่ท่านเคยใช้","ภายในวันที่จอง","",""
"2018/01/21 12:36:17 pm GMT","16-20","ชาย","ซื้อตั๋ว ณ ตู้จำหน่ายตั๋ว","ไม่ได้ใส่ใจกับแต้มสะสม","หน้าโรงภาพยนต์;Application ของ Smartphone ที่ท่านเคยใช้","ภายใน 1-3 วัน","ไม่สามารถใช้โปรโมชั่นหลาย ๆ อย่างได้หากจองผ่านแอป จึงทำให้ต้องจ่ายราคาเต็ม",""
"2018/01/21 12:36:22 pm GMT","16-20","หญิง","ซื้อตั๋ว ณ ตู้จำหน่ายตั๋ว","ไม่ได้ใส่ใจกับแต้มสะสม","Facebook","ภายในวันที่จอง","",""
"2018/01/21 12:36:33 pm GMT","16-20","ชาย","ซื้อตั๋ว ณ ตู้จำหน่ายตั๋ว","ใช้เมื่อถึงเป้าที่กำหนดไว้","หน้าโรงภาพยนต์;Application ของ Smartphone ที่ท่านเคยใช้","ภายในวันที่จอง","",""
"2018/01/21 12:36:38 pm GMT","21-25","หญิง","ซื้อตั๋ว ณ เคาเตอร์จำหน่ายตั๋วที่มีพนักงงานประจำ","ไม่ได้ใส่ใจกับแต้มสะสม","หน้าโรงภาพยนต์;Application ของ Smartphone ที่ท่านเคยใช้;ตามร้านค้าที่ร่วมรายการ","ภายในวันที่จอง","พนักงานหน้าเค๊าท์เตอร์บริการห่วยแตก, ไม่สะดวกในการใช้Appจองตั๋ว เนื่องจากต้องใช้อินเทอร์เน็ตตลอดเวลา","QR code หรือรหัสยืนยันการจองตั๋วสำเร็จ"
"2018/01/21 12:38:31 pm GMT","21-25","ชาย","ซื้อตั๋ว ณ ตู้จำหน่ายตั๋ว","ไม่ได้ใส่ใจกับแต้มสะสม","เพื่อนบอก","ภายในวันที่จอง","จองที่นั่งติดกันหลายที่ โดนแทรกทำรายการ ณ  ตู้จำหน่ายตั๋ว","-"
"2018/01/21 12:38:36 pm GMT","16-20","ชาย","ผสมๆกันไป แล้วแต่โอกาศ","ไม่ได้ใส่ใจกับแต้มสะสม","หน้าโรงภาพยนต์","ภายในวันที่จอง","",""
"2018/01/21 12:44:08 pm GMT","16-20","ชาย","ซื้อตั๋ว ณ ตู้จำหน่ายตั๋ว","ใช้เมื่อถึงเป้าที่กำหนดไว้","หน้าโรงภาพยนต์;โฆษณาทางโทรทัศน์;Application ของ Smartphone ที่ท่านเคยใช้;ตามร้านค้าที่ร่วมรายการ","ภายในวันที่จอง","",""
"2018/01/21 12:44:22 pm GMT","16-20","หญิง","ซื้อตั๋ว ณ เคาเตอร์จำหน่ายตั๋วที่มีพนักงงานประจำ","ไม่ได้ใส่ใจกับแต้มสะสม","หน้าโรงภาพยนต์;โฆษณาทางโทรทัศน์;Social network","ภายในวันที่จอง","",""
"2018/01/21 12:45:21 pm GMT","21-25","LGBT","ซื้อตั๋ว ณ เคาเตอร์จำหน่ายตั๋วที่มีพนักงงานประจำ","ใช้เมื่อนึกขึ้นได้เท่านั้น","หน้าโรงภาพยนต์;Application ของ Smartphone ที่ท่านเคยใช้","ภายในวันที่จอง","",""
"2018/01/21 12:45:59 pm GMT","16-20","หญิง","ซื้อตั๋ว ณ ตู้จำหน่ายตั๋ว","ใช้เมื่อนึกขึ้นได้เท่านั้น","หน้าโรงภาพยนต์;Application ของ Smartphone ที่ท่านเคยใช้","ภายในวันที่จอง","",""
"2018/01/21 12:49:23 pm GMT","16-20","หญิง","ซื้อผ่านเว็บของโรงหนัง","ไม่ได้ใส่ใจกับแต้มสะสม","โฆษณาทางโทรทัศน์","ภายในวันที่จอง","แพง","ส่วนลดเยอะๆ"
"2018/01/21 12:50:22 pm GMT","16-20","ชาย","ซื้อตั๋ว ณ ตู้จำหน่ายตั๋ว","ไม่ได้ใส่ใจกับแต้มสะสม","Application ของ Smartphone ที่ท่านเคยใช้","ภายในวันที่จอง","",""
"2018/01/21 12:51:42 pm GMT","21-25","ชาย","ซื้อตั๋ว ณ ตู้จำหน่ายตั๋ว","ไม่ได้ใส่ใจกับแต้มสะสม","หน้าโรงภาพยนต์;ตามร้านค้าที่ร่วมรายการ","ภายในวันที่จอง","",""
"2018/01/21 12:53:05 pm GMT","16-20","หญิง","ซื้อตั๋ว ณ ตู้จำหน่ายตั๋ว","ใช้เมื่อนึกขึ้นได้เท่านั้น","หน้าโรงภาพยนต์","ภายในวันที่จอง","","บอกราคาอย่างละเอียด"
"2018/01/21 12:54:47 pm GMT","21-25","ชาย","ซื้อผ่าน application ในโทรศัพท์ smart phone","ใช้เมื่อนึกขึ้นได้เท่านั้น","หน้าโรงภาพยนต์;Application ของ Smartphone ที่ท่านเคยใช้","ภายในวันที่จอง","UX การจองไม่ค่อยดี การลำดับเลือกโรงหรือเลือกหนังก่อน",""
"2018/01/21 12:55:24 pm GMT","16-20","หญิง","ซื้อตั๋ว ณ ตู้จำหน่ายตั๋ว","ไม่ได้ใส่ใจกับแต้มสะสม","Application ของ Smartphone ที่ท่านเคยใช้","ภายในวันที่จอง","มั่ย","มั่ย"
"2018/01/21 12:56:59 pm GMT","21-25","หญิง","ซื้อตั๋ว ณ เคาเตอร์จำหน่ายตั๋วที่มีพนักงงานประจำ","ไม่ได้ใส่ใจกับแต้มสะสม","โฆษณาทางโทรทัศน์;Application ของ Smartphone ที่ท่านเคยใช้","ภายในวันที่จอง","",""
"2018/01/21 1:02:44 pm GMT","16-20","ชาย","ซื้อตั๋ว ณ เคาเตอร์จำหน่ายตั๋วที่มีพนักงงานประจำ","ใช้เมื่อนึกขึ้นได้เท่านั้น","Application ของ Smartphone ที่ท่านเคยใช้","ภายในวันที่จอง","-","-"
"2018/01/21 1:05:33 pm GMT","16-20","ชาย","ซื้อตั๋ว ณ เคาเตอร์จำหน่ายตั๋วที่มีพนักงงานประจำ","ใช้เมื่อถึงเป้าที่กำหนดไว้","Application ของ Smartphone ที่ท่านเคยใช้","ภายในวันที่จอง","จองตั๋วผ่านแอปใน smart phone และใช้โค้ดจากการแลกคะแนนสะสมมาจอง แต่ไม่สามารถจองได้ ขึ้น error ต้องไปจองกับเค้าเตอร์พนักงานแทน","จองผ่าน App และใช้โค้ดส่วนลดได้จริง โดยที่ไม่มีปัญหา"
"2018/01/21 1:11:17 pm GMT","16-20","LGBT","ซื้อตั๋ว ณ ตู้จำหน่ายตั๋ว","ใช้เมื่อนึกขึ้นได้เท่านั้น","หน้าโรงภาพยนต์;Application ของ Smartphone ที่ท่านเคยใช้","ภายในวันที่จอง","",""
"2018/01/21 1:15:30 pm GMT","21-25","ชาย","ซื้อตั๋ว ณ เคาเตอร์จำหน่ายตั๋วที่มีพนักงงานประจำ","ใช้เมื่อถึงเป้าที่กำหนดไว้","หน้าโรงภาพยนต์;Application ของ Smartphone ที่ท่านเคยใช้","ภายในวันที่จอง","หลายขั้นตอนเกิน","แนะนำหนังที่เราชอบจากประวัติการซื้อที่ผ่านมา"
"2018/01/21 1:24:37 pm GMT","16-20","หญิง","ซื้อตั๋ว ณ เคาเตอร์จำหน่ายตั๋วที่มีพนักงงานประจำ","ไม่ได้ใส่ใจกับแต้มสะสม","หน้าโรงภาพยนต์;Application ของ Smartphone ที่ท่านเคยใช้","ภายในวันที่จอง","-","-"
"2018/01/21 1:34:27 pm GMT","16-20","หญิง","ซื้อตั๋ว ณ ตู้จำหน่ายตั๋ว","ใช้เมื่อนึกขึ้นได้เท่านั้น","หน้าโรงภาพยนต์;Facebook","ภายในวันที่จอง","","เตือนเวลาหนังใกล้ฉาย"
"2018/01/21 1:38:29 pm GMT","21-25","ชาย","ซื้อตั๋ว ณ เคาเตอร์จำหน่ายตั๋วที่มีพนักงงานประจำ","ใช้เมื่อถึงเป้าที่กำหนดไว้","หน้าโรงภาพยนต์","ภายในวันที่จอง","","อ้วน"
"2018/01/21 1:54:18 pm GMT","16-20","หญิง","ซื้อตั๋ว ณ ตู้จำหน่ายตั๋ว","ใช้เมื่อนึกขึ้นได้เท่านั้น","หน้าโรงภาพยนต์","ภายในวันที่จอง","คนเยอะ ต่อแถวยาว จ่ายเงินที่ตู้ แต่ก็ต้องเอาบัตรไปเติมเงินที่เคาท์เตอร์ก่อน ทำให้ต่อแถวหลายรอบ ช้า","การดูรอบหนังล่วงหน้าที่ไม่ล่วงหน้า คือจะดูของพรุ่งนี้แต่มีไม่ครบทุกเรื่องหรือทุกรอบ"
"2018/01/21 2:07:21 pm GMT","21-25","ชาย","ซื้อผ่าน application ในโทรศัพท์ smart phone","ใช้เมื่อนึกขึ้นได้เท่านั้น","หน้าโรงภาพยนต์;Application ของ Smartphone ที่ท่านเคยใช้","ภายในวันที่จอง","ไม่มี","อยากให้มีFeatureค้นหาตามหนัง และเวลาที่ระบุ หรือเวลาที่ใกล้เคียงกับเวลาที่ระบุ ก่อน แล้วค่อยแสดงตัวเลือกว่ามีโรงหนังแถวไหนที่อยู่ใกล้ๆเราแล้วมีรอบฉายของหนังที่เราเลือกรึป่าว"
"2018/01/21 2:09:47 pm GMT","26-30","LGBT","ซื้อผ่านเว็บของโรงหนัง","ไม่ได้ใส่ใจกับแต้มสะสม","เว็บโรงภาพยนต์","ภายในวันที่จอง","- บัตร mgen จองออนไลน์ ไม่คิดราคานักเรียน ต้องจองผ่านตู้เท่านั้น ซึ่งไม่เคยรู้มาก่อน
- ถ้าหนังและเวลาที่อยากดูไม่มีรอบ ต้องกลับมาเริ่มใหม่เลย บางทีเราอาจจะอยากดูหนังเรื่องอะไรก็ได้ ขอแค่อยู่ในช่วงเวลาที่ต้องการ","เลือกช่วงเวลาของรอบที่อยากดูได้ แล้วบอกว่ามีเรื่องอะไรบ้าง บอกเวลาจบของหนัง"
"2018/01/21 2:29:04 pm GMT","16-20","ชาย","ซื้อตั๋ว ณ ตู้จำหน่ายตั๋ว","ไม่ได้ใส่ใจกับแต้มสะสม","เพื่อนบอก","ไม่เคยจองล่วงหน้า","บางทีมีโปรโมชั่นที่มีจำกัดจำนวน แต่ไม่รู้ว่าสิทธิ์หมดหรือยัง ต้องไปเช็คหน้าเคาน์เตอร์ที่ขายตั๋วเท่านั้น",""
"2018/01/21 2:34:44 pm GMT","16-20","ชาย","ซื้อผ่าน application ในโทรศัพท์ smart phone","ไม่ได้ใส่ใจกับแต้มสะสม","หน้าโรงภาพยนต์;โฆษณาทางโทรทัศน์;Application ของ Smartphone ที่ท่านเคยใช้;ตามร้านค้าที่ร่วมรายการ","ภายในวันที่จอง","ตู้ทำงานช้ามาก",""
"2018/01/21 2:56:34 pm GMT","16-20","ชาย","ซื้อตั๋ว ณ เคาเตอร์จำหน่ายตั๋วที่มีพนักงงานประจำ","ไม่ได้ใส่ใจกับแต้มสะสม","หน้าโรงภาพยนต์;Application ของ Smartphone ที่ท่านเคยใช้","ภายในวันที่จอง","",""
"2018/01/21 3:04:00 pm GMT","21-25","ชาย","ซื้อตั๋ว ณ เคาเตอร์จำหน่ายตั๋วที่มีพนักงงานประจำ","ไม่ได้ใส่ใจกับแต้มสะสม","หน้าโรงภาพยนต์","ภายในวันที่จอง","-","เช็คอายุเด็กกระโปก จะได้ไม่นั่งใกล้"
"2018/01/21 3:15:10 pm GMT","16-20","หญิง","ซื้อตั๋ว ณ ตู้จำหน่ายตั๋ว","ไม่ได้ใส่ใจกับแต้มสะสม","หน้าโรงภาพยนต์;ตามร้านค้าที่ร่วมรายการ","ภายในวันที่จอง","",""
"2018/01/21 3:19:34 pm GMT","16-20","หญิง","ซื้อตั๋ว ณ ตู้จำหน่ายตั๋ว","ไม่ได้ใส่ใจกับแต้มสะสม","หน้าโรงภาพยนต์","ภายในวันที่จอง","-","-"
"2018/01/21 3:20:52 pm GMT","16-20","ชาย","ซื้อผ่าน application ในโทรศัพท์ smart phone","ใช้เมื่อนึกขึ้นได้เท่านั้น","หน้าโรงภาพยนต์;โฆษณาทางโทรทัศน์;Application ของ Smartphone ที่ท่านเคยใช้;ตามร้านค้าที่ร่วมรายการ","ภายในวันที่จอง","","สามารถจองป๊อปคอนได้"
"2018/01/21 3:44:15 pm GMT","16-20","หญิง","ซื้อตั๋ว ณ ตู้จำหน่ายตั๋ว","ไม่ได้ใส่ใจกับแต้มสะสม","หน้าโรงภาพยนต์;Application ของ Smartphone ที่ท่านเคยใช้","ภายในวันที่จอง","ตู้จำหน่ายตั๋วชอบ error, ต่อคิวนาน, คนใช้ไม่เป็นใช้งานหน้าตู้นาน","-"
"2018/01/21 4:00:24 pm GMT","16-20","หญิง","ซื้อตั๋ว ณ ตู้จำหน่ายตั๋ว","ใช้เมื่อถึงเป้าที่กำหนดไว้","หน้าโรงภาพยนต์;Application ของ Smartphone ที่ท่านเคยใช้","ภายในวันที่จอง","-","มินิรีวิว อ้างอิงข้อมูลจากเว็บต่างๆเช่นพวก IMDb"
"2018/01/21 4:21:28 pm GMT","16-20","ชาย","ซื้อผ่าน application ในโทรศัพท์ smart phone","ใช้เมื่อถึงเป้าที่กำหนดไว้","Application ของ Smartphone ที่ท่านเคยใช้","ภายในวันที่จอง","",""
"2018/01/21 5:27:51 pm GMT","21-25","ชาย","ซื้อผ่าน application ในโทรศัพท์ smart phone","ไม่ได้ใส่ใจกับแต้มสะสม","Application ของ Smartphone ที่ท่านเคยใช้","ภายในวันที่จอง","เวลาเลือกที่นั่งใน App จะเลยได้น้อย ถูกจำกัด","ซื้อเครื่องดื่มแล้วน้ำผ่าน app"
"2018/01/21 5:48:33 pm GMT","16-20","ชาย","ซื้อผ่าน application ในโทรศัพท์ smart phone","ใช้เมื่อถึงเป้าที่กำหนดไว้","Application ของ Smartphone ที่ท่านเคยใช้","ภายในวันที่จอง","การจองที่นั่งไม่ Real-Time ทำให้เวลาเราจองไปบางครั้งดันมีคนใจตรงกัน และต้องเริ่มทำรายการใหม่","-จองตั๋วแบบ Real-Time ถ้ามีคนจองในขณะเดียวกันก็ขึ้นเลย"
"2018/01/21 6:54:18 pm GMT","21-25","LGBT","ซื้อผ่าน application ในโทรศัพท์ smart phone","ใช้เมื่อนึกขึ้นได้เท่านั้น","Application ของ Smartphone ที่ท่านเคยใช้","ภายในวันที่จอง","",""
"2018/01/22 4:04:41 am GMT","21-25","ชาย","ซื้อตั๋ว ณ เคาเตอร์จำหน่ายตั๋วที่มีพนักงงานประจำ","ไม่ได้ใส่ใจกับแต้มสะสม","หน้าโรงภาพยนต์","ภายในวันที่จอง","-","-"
"2018/01/22 6:17:06 am GMT","16-20","ชาย","ซื้อตั๋ว ณ ตู้จำหน่ายตั๋ว","ใช้เมื่อนึกขึ้นได้เท่านั้น","หน้าโรงภาพยนต์;โฆษณาทางโทรทัศน์;Application ของ Smartphone ที่ท่านเคยใช้;ตามร้านค้าที่ร่วมรายการ","ภายในวันที่จอง","ได้ครับ","ราคาถูก"
"2018/01/22 7:06:34 am GMT","16-20","ชาย","ซื้อตั๋ว ณ เคาเตอร์จำหน่ายตั๋วที่มีพนักงงานประจำ","ไม่ได้ใส่ใจกับแต้มสะสม","โฆษณาทางโทรทัศน์","ภายในวันที่จอง","กะเวลาที่แน่นอนไม่ค่อยได้",""
"2018/01/22 8:33:32 am GMT","16-20","หญิง","ซื้อตั๋ว ณ ตู้จำหน่ายตั๋ว","ไม่ได้ใส่ใจกับแต้มสะสม","หน้าโรงภาพยนต์;Application ของ Smartphone ที่ท่านเคยใช้","ภายในวันที่จอง","",""
"2018/01/22 8:48:15 am GMT","21-25","ชาย","ซื้อตั๋ว ณ เคาเตอร์จำหน่ายตั๋วที่มีพนักงงานประจำ","ใช้เมื่อถึงเป้าที่กำหนดไว้","หน้าโรงภาพยนต์","ภายในวันที่จอง","",""
"2018/01/22 10:40:46 am GMT","21-25","หญิง","ซื้อผ่าน application ในโทรศัพท์ smart phone","ไม่ได้ใส่ใจกับแต้มสะสม","โฆษณาทางโทรทัศน์;Application ของ Smartphone ที่ท่านเคยใช้","ภายในวันที่จอง","-","-"
"2018/01/22 2:29:59 pm GMT","16-20","หญิง","ซื้อตั๋ว ณ ตู้จำหน่ายตั๋ว","ไม่ได้ใส่ใจกับแต้มสะสม","โฆษณาทางโทรทัศน์","ภายในวันที่จอง","-","-"
"2018/01/22 2:34:08 pm GMT","16-20","ชาย","ซื้อตั๋ว ณ ตู้จำหน่ายตั๋ว","ไม่ได้ใส่ใจกับแต้มสะสม","หน้าโรงภาพยนต์","ภายในวันที่จอง","หากจองตั๋วผ่านแอป Major จะไม่สามารถใช้โปรโมชั่นใด ๆ ได้เลย ต้องจ่ายราคาเต็ม",""
"2018/01/22 2:35:45 pm GMT","16-20","หญิง","ซื้อตั๋ว ณ ตู้จำหน่ายตั๋ว","ใช้เมื่อนึกขึ้นได้เท่านั้น","หน้าโรงภาพยนต์;Application ของ Smartphone ที่ท่านเคยใช้","ภายในวันที่จอง","",""
"2018/01/22 2:39:48 pm GMT","10-15","หญิง","ซื้อตั๋ว ณ ตู้จำหน่ายตั๋ว","ใช้เมื่อถึงเป้าที่กำหนดไว้","หน้าโรงภาพยนต์;Application ของ Smartphone ที่ท่านเคยใช้","ภายในวันที่จอง","",""
"2018/01/22 3:00:27 pm GMT","16-20","หญิง","ซื้อตั๋ว ณ ตู้จำหน่ายตั๋ว","ไม่ได้ใส่ใจกับแต้มสะสม","หน้าโรงภาพยนต์","ภายในวันที่จอง","",""
"2018/01/22 3:15:52 pm GMT","16-20","ชาย","ซื้อตั๋ว ณ ตู้จำหน่ายตั๋ว","ไม่ได้ใส่ใจกับแต้มสะสม","mail","ภายในวันที่จอง","",""
"2018/01/22 4:24:30 pm GMT","16-20","ชาย","ซื้อตั๋ว ณ ตู้จำหน่ายตั๋ว","ใช้เมื่อถึงเป้าที่กำหนดไว้","Application ของ Smartphone ที่ท่านเคยใช้","ภายในวันที่จอง","",""
"2018/01/22 4:33:10 pm GMT","16-20","ชาย","ซื้อตั๋ว ณ ตู้จำหน่ายตั๋ว","ไม่ได้ใส่ใจกับแต้มสะสม","หน้าโรงภาพยนต์","ภายในวันที่จอง","",""
"2018/01/22 11:46:02 pm GMT","16-20","ชาย","ไม่เคยซื้อเอง","ไม่ได้ใส่ใจกับแต้มสะสม","หน้าโรงภาพยนต์;โฆษณาทางโทรทัศน์;Application ของ Smartphone ที่ท่านเคยใช้;ตามร้านค้าที่ร่วมรายการ;เรื่องของกู","กูไม่เคยจอง","กูไม่รู้โว้ยยยยยยส","กดบัตรฟรีตลอดดดด"
"2018/01/23 4:17:29 am GMT","16-20","ชาย","ซื้อผ่าน application ในโทรศัพท์ smart phone","ใช้เมื่อถึงเป้าที่กำหนดไว้","หน้าโรงภาพยนต์;Application ของ Smartphone ที่ท่านเคยใช้","ภายในวันที่จอง","",""
"2018/01/23 4:24:56 am GMT","16-20","ชาย","ซื้อตั๋ว ณ ตู้จำหน่ายตั๋ว","ไม่ได้ใส่ใจกับแต้มสะสม","หน้าโรงภาพยนต์","ภายในวันที่จอง","",""
"2018/01/23 4:59:23 am GMT","16-20","ชาย","ซื้อหน้าโรง","ไม่ได้ใส่ใจกับแต้มสะสม","หน้าโรงภาพยนต์","ไม่เคยจอง","",""
"2018/01/23 9:57:39 am GMT","21-25","ชาย","ซื้อตั๋ว ณ ตู้จำหน่ายตั๋ว","ใช้เมื่อนึกขึ้นได้เท่านั้น","Application ของ Smartphone ที่ท่านเคยใช้","ภายใน 1-3 วัน","",""
"2018/01/23 12:42:20 pm GMT","16-20","หญิง","ซื้อตั๋ว ณ ตู้จำหน่ายตั๋ว","ใช้เมื่อถึงเป้าที่กำหนดไว้","Application ของ Smartphone ที่ท่านเคยใช้","ภายในวันที่จอง","",""
"2018/01/23 1:03:12 pm GMT","16-20","ชาย","ซื้อตั๋ว ณ ตู้จำหน่ายตั๋ว","ใช้เมื่อนึกขึ้นได้เท่านั้น","หน้าโรงภาพยนต์;โฆษณาทางโทรทัศน์;Application ของ Smartphone ที่ท่านเคยใช้;ตามร้านค้าที่ร่วมรายการ","ภายในวันที่จอง","",""
"2018/01/23 1:57:28 pm GMT","21-25","ชาย","ซื้อผ่าน application ในโทรศัพท์ smart phone","ใช้เมื่อนึกขึ้นได้เท่านั้น","หน้าโรงภาพยนต์;Application ของ Smartphone ที่ท่านเคยใช้","ภายในวันที่จอง","","โปรลดราคา"
"2018/01/23 2:17:39 pm GMT","16-20","ชาย","ซื้อตั๋ว ณ ตู้จำหน่ายตั๋ว","ใช้เมื่อนึกขึ้นได้เท่านั้น","หน้าโรงภาพยนต์;Application ของ Smartphone ที่ท่านเคยใช้","ภายในวันที่จอง","",""
"2018/01/23 7:32:23 pm GMT","16-20","ชาย","ซื้อตั๋ว ณ ตู้จำหน่ายตั๋ว","ไม่ได้ใส่ใจกับแต้มสะสม","หน้าโรงภาพยนต์;Application ของ Smartphone ที่ท่านเคยใช้","ภายในวันที่จอง","",""
"2018/01/24 3:17:52 am GMT","21-25","หญิง","ซื้อตั๋ว ณ ตู้จำหน่ายตั๋ว","ไม่ได้ใส่ใจกับแต้มสะสม","Application ของ Smartphone ที่ท่านเคยใช้","ไม่เคยจอง","ยืนต่อแถว ทำให้ช้า","ระบบจ่ายเงินง่ายๆ"
"2018/01/24 9:08:53 am GMT","16-20","ชาย","ซื้อผ่าน application ในโทรศัพท์ smart phone","ใช้เมื่อถึงเป้าที่กำหนดไว้","โฆษณาทางโทรทัศน์;Application ของ Smartphone ที่ท่านเคยใช้","ภายใน 1-3 วัน","-","-"
"2018/01/24 2:21:57 pm GMT","16-20","หญิง","ซื้อตั๋ว ณ ตู้จำหน่ายตั๋ว","ใช้เมื่อถึงเป้าที่กำหนดไว้","หน้าโรงภาพยนต์;Application ของ Smartphone ที่ท่านเคยใช้","ภายในวันที่จอง","",""
"2018/01/26 4:31:50 am GMT","21-25","หญิง","ซื้อตั๋ว ณ ตู้จำหน่ายตั๋ว","ไม่ได้ใส่ใจกับแต้มสะสม","หน้าโรงภาพยนต์;Application ของ Smartphone ที่ท่านเคยใช้","ภายในวันที่จอง","",""